{
  "name": "stack-combinator-redux",
  "version": "0.1.0",
  "title": "Stack Combinator (Redux)",
  "description": "A Factorio 2.0 combinator for the circuit network that manages item stack sizes and related computation.",
  "author": "hgschmie",
  "contact": "https://github.com/hgschmie/factorio-stack-combinator-redux/issues/",
  "homepage": "https://github.com/hgschmie/factorio-stack-combinator-redux",
  "factorio_version": "2.0",
  "dependencies": [
    "base >= 2.0.0"
  ],
  "package": {
    "git_publish_branch": "main",
    "readme": "README.md",
    "gallery": [
      ".portal/staco-main.png",
      ".portal/staco-ui.png"
    ],
    "sync_portal_details": true,
    "ignore": [
      "portal/*",
      "**/*.xcf",
      "**/.zip",
      ".git",
      ".gitignore",
      ".vscode",
      ".DS_Store"
    ]
  }
}
